state,district,pop,male,female,hispanic_latino,white,black,native_american,asian,nhpi,other_race,two_or_more,income,native_born,foreign_born,biden_pct,trump_pct,margin
Alabama,1,714379,0.481,0.519,0.032,0.65,0.273,0.01,0.014,0,0.003,0.018,51455,0.97,0.03,0.353,0.637,-0.284
Alabama,2,678978,0.485,0.515,0.04,0.61,0.31,0.004,0.013,0,0.002,0.021,50101,0.972,0.028,0.351,0.639,-0.288
Alabama,3,713404,0.485,0.515,0.031,0.67,0.255,0.002,0.019,0.001,0.002,0.019,50987,0.968,0.032,0.337,0.653,-0.316
Alabama,4,687640,0.491,0.509,0.067,0.832,0.069,0.006,0.006,0,0.001,0.019,47429,0.964,0.036,0.178,0.812,-0.634
Alabama,5,728414,0.489,0.511,0.053,0.72,0.177,0.005,0.017,0.001,0.002,0.026,59543,0.957,0.043,0.357,0.627,-0.27
Alabama,6,708092,0.483,0.517,0.049,0.748,0.162,0.001,0.017,0,0.003,0.02,69779,0.957,0.043,0.318,0.67,-0.352
Alabama,7,662279,0.469,0.531,0.032,0.317,0.626,0.001,0.01,0,0.001,0.012,38356,0.972,0.028,0.708,0.285,0.423
Alaska,1,736990,0.522,0.478,0.072,0.597,0.031,0.141,0.062,0.014,0.004,0.079,77790,0.922,0.078,0.43,0.531,-0.101
Arizona,1,772404,0.506,0.494,0.233,0.481,0.024,0.219,0.014,0.002,0.002,0.025,56448,0.94,0.06,0.501,0.484,0.017
Arizona,2,732897,0.494,0.506,0.291,0.595,0.037,0.009,0.031,0.002,0.002,0.032,55389,0.893,0.107,0.545,0.439,0.106
Arizona,3,780637,0.504,0.496,0.636,0.259,0.042,0.03,0.016,0.002,0.002,0.014,51963,0.79,0.21,0.628,0.357,0.271
Arizona,4,811947,0.503,0.497,0.204,0.726,0.017,0.014,0.012,0.001,0.001,0.024,54385,0.922,0.078,0.306,0.68,-0.374
Arizona,5,842222,0.488,0.512,0.184,0.693,0.035,0.008,0.047,0.001,0.002,0.029,80388,0.899,0.101,0.419,0.564,-0.145
Arizona,6,806918,0.492,0.508,0.174,0.695,0.028,0.017,0.052,0.001,0.004,0.029,76013,0.86,0.14,0.473,0.514,-0.041
Arizona,7,827379,0.5,0.5,0.641,0.2,0.093,0.018,0.024,0.002,0.002,0.021,48574,0.751,0.249,0.737,0.247,0.49
Arizona,8,806027,0.48,0.52,0.208,0.669,0.042,0.007,0.04,0.002,0.004,0.029,71960,0.903,0.097,0.414,0.573,-0.159
Arizona,9,793633,0.506,0.494,0.267,0.549,0.063,0.025,0.055,0.004,0.003,0.034,63416,0.858,0.142,0.608,0.373,0.235
Arkansas,1,720941,0.496,0.504,0.036,0.749,0.172,0.003,0.005,0.001,0.001,0.033,44325,0.98,0.02,0.279,0.691,-0.412
Arkansas,2,765408,0.483,0.517,0.053,0.672,0.228,0.003,0.016,0.001,0.002,0.026,53439,0.958,0.042,0.443,0.531,-0.088
Arkansas,3,820935,0.496,0.504,0.146,0.732,0.027,0.008,0.03,0.01,0.005,0.041,55258,0.904,0.096,0.352,0.619,-0.267
Arkansas,4,704589,0.488,0.512,0.061,0.71,0.192,0.006,0.006,0.001,0.001,0.022,43861,0.967,0.033,0.296,0.677,-0.381
California,1,704482,0.502,0.498,0.144,0.755,0.015,0.014,0.029,0.002,0.001,0.04,57046,0.935,0.065,0.411,0.564,-0.153
California,2,714171,0.494,0.506,0.179,0.7,0.013,0.017,0.037,0.002,0.006,0.046,80210,0.87,0.13,0.736,0.239,0.497
California,3,746967,0.5,0.5,0.301,0.461,0.061,0.007,0.114,0.005,0.003,0.047,72297,0.817,0.183,0.549,0.427,0.122
California,4,750420,0.497,0.503,0.138,0.744,0.013,0.006,0.057,0.002,0.002,0.038,81951,0.906,0.094,0.439,0.537,-0.098
California,5,724984,0.488,0.512,0.286,0.488,0.059,0.004,0.111,0.004,0.006,0.042,84399,0.793,0.207,0.724,0.253,0.471
California,6,764174,0.49,0.51,0.285,0.357,0.119,0.003,0.165,0.013,0.005,0.054,61794,0.771,0.229,0.703,0.272,0.431
California,7,762260,0.486,0.514,0.183,0.507,0.07,0.003,0.169,0.009,0.002,0.057,80722,0.805,0.195,0.556,0.419,0.137
California,8,729399,0.503,0.497,0.427,0.416,0.074,0.007,0.034,0.004,0.002,0.036,56093,0.862,0.138,0.436,0.54,-0.104
California,9,775716,0.492,0.508,0.388,0.326,0.087,0.002,0.145,0.004,0.004,0.043,71817,0.781,0.219,0.579,0.399,0.18
California,10,757213,0.499,0.501,0.447,0.4,0.033,0.004,0.075,0.007,0.002,0.032,68329,0.798,0.202,0.503,0.474,0.029
California,11,760284,0.49,0.51,0.276,0.438,0.074,0.002,0.15,0.004,0.004,0.052,100114,0.741,0.259,0.743,0.236,0.507
California,12,763777,0.513,0.487,0.146,0.421,0.05,0.002,0.32,0.004,0.005,0.052,120697,0.671,0.329,0.861,0.119,0.742
California,13,760817,0.486,0.514,0.219,0.343,0.158,0.003,0.211,0.006,0.005,0.054,87295,0.734,0.266,0.889,0.09,0.799
California,14,749549,0.496,0.504,0.231,0.332,0.026,0.001,0.348,0.013,0.006,0.043,121097,0.621,0.379,0.777,0.205,0.572
California,15,788527,0.496,0.504,0.221,0.308,0.054,0.003,0.36,0.009,0.003,0.042,123064,0.648,0.352,0.715,0.264,0.451
California,16,736400,0.499,0.501,0.615,0.217,0.053,0.005,0.089,0.002,0.002,0.018,49280,0.765,0.235,0.588,0.389,0.199
California,17,776763,0.512,0.488,0.157,0.213,0.023,0.002,0.564,0.004,0.003,0.034,142408,0.502,0.498,0.725,0.255,0.47
California,18,744487,0.498,0.502,0.163,0.516,0.021,0.002,0.247,0.003,0.004,0.045,146441,0.691,0.309,0.764,0.213,0.551
California,19,758327,0.504,0.496,0.392,0.247,0.026,0.001,0.295,0.004,0.003,0.033,109530,0.64,0.36,0.7,0.279,0.421
California,20,736750,0.503,0.497,0.535,0.362,0.018,0.002,0.051,0.003,0.002,0.028,80689,0.749,0.251,0.727,0.25,0.477
California,21,713346,0.527,0.473,0.751,0.161,0.036,0.004,0.032,0.001,0.001,0.014,47028,0.717,0.283,0.544,0.435,0.109
California,22,769728,0.493,0.507,0.491,0.365,0.027,0.004,0.085,0.001,0.003,0.024,66141,0.821,0.179,0.462,0.516,-0.054
California,23,748143,0.506,0.494,0.411,0.437,0.059,0.006,0.051,0.001,0.003,0.031,61490,0.856,0.144,0.405,0.571,-0.166
California,24,736030,0.503,0.497,0.366,0.535,0.017,0.004,0.046,0.001,0.002,0.028,78360,0.825,0.175,0.607,0.369,0.238
California,25,710525,0.498,0.502,0.404,0.393,0.078,0.004,0.084,0.002,0.003,0.033,83267,0.804,0.196,0.54,0.439,0.101
California,26,724221,0.496,0.504,0.458,0.428,0.018,0.002,0.063,0.002,0.002,0.028,88064,0.781,0.219,0.614,0.365,0.249
California,27,711767,0.485,0.515,0.276,0.253,0.041,0.002,0.394,0.002,0.002,0.03,83765,0.615,0.385,0.672,0.308,0.364
California,28,712193,0.497,0.503,0.245,0.55,0.028,0.002,0.13,0.001,0.005,0.038,72274,0.617,0.383,0.709,0.272,0.437
California,29,715422,0.495,0.505,0.676,0.191,0.035,0.001,0.076,0.001,0.004,0.014,59850,0.577,0.423,0.741,0.237,0.504
California,30,773221,0.491,0.509,0.289,0.489,0.05,0.001,0.127,0.001,0.005,0.038,86710,0.674,0.326,0.687,0.294,0.393
California,31,752561,0.491,0.509,0.542,0.25,0.096,0.002,0.077,0.002,0.003,0.028,68568,0.794,0.206,0.588,0.389,0.199
California,32,707305,0.492,0.508,0.612,0.145,0.027,0.003,0.193,0.004,0.002,0.015,74942,0.647,0.353,0.652,0.328,0.324
California,33,708972,0.485,0.515,0.134,0.624,0.032,0.002,0.152,0.001,0.005,0.05,115408,0.774,0.226,0.69,0.29,0.4
California,34,734546,0.51,0.49,0.611,0.121,0.048,0.002,0.193,0.001,0.003,0.019,50172,0.554,0.446,0.808,0.169,0.639
California,35,748454,0.5,0.5,0.705,0.135,0.06,0.003,0.073,0.003,0.002,0.02,67635,0.711,0.289,0.651,0.326,0.325
California,36,755516,0.501,0.499,0.493,0.398,0.045,0.007,0.035,0.001,0.002,0.02,52873,0.789,0.211,0.559,0.423,0.136
California,37,727449,0.485,0.515,0.387,0.254,0.213,0.001,0.103,0.001,0.006,0.035,65667,0.692,0.308,0.843,0.138,0.705
California,38,706482,0.489,0.511,0.615,0.161,0.037,0.002,0.158,0.003,0.005,0.018,76795,0.701,0.299,0.656,0.323,0.333
California,39,732667,0.492,0.508,0.333,0.289,0.022,0.002,0.321,0.002,0.003,0.028,95636,0.677,0.323,0.541,0.44,0.101
California,40,708362,0.503,0.497,0.88,0.044,0.044,0.001,0.023,0.001,0.002,0.006,52850,0.601,0.399,0.771,0.206,0.565
California,41,768401,0.496,0.504,0.614,0.211,0.085,0.002,0.062,0.002,0.002,0.022,71561,0.748,0.252,0.617,0.361,0.256
California,42,822515,0.499,0.501,0.404,0.4,0.055,0.003,0.093,0.004,0.003,0.036,91349,0.811,0.189,0.453,0.527,-0.074
California,43,727766,0.485,0.515,0.48,0.143,0.208,0.002,0.132,0.004,0.005,0.026,64939,0.681,0.319,0.769,0.209,0.56
California,44,711773,0.49,0.51,0.71,0.063,0.146,0.002,0.058,0.005,0.002,0.015,58281,0.662,0.338,0.784,0.192,0.592
California,45,781871,0.489,0.511,0.19,0.486,0.015,0.002,0.259,0.002,0.002,0.045,111197,0.711,0.289,0.546,0.433,0.113
California,46,730071,0.502,0.498,0.656,0.169,0.017,0.002,0.136,0.003,0.001,0.015,72175,0.622,0.378,0.643,0.335,0.308
California,47,709979,0.495,0.505,0.353,0.312,0.068,0.002,0.228,0.004,0.003,0.029,74347,0.71,0.29,0.624,0.353,0.271
California,48,720586,0.493,0.507,0.21,0.541,0.012,0.002,0.188,0.003,0.004,0.039,99328,0.757,0.243,0.497,0.482,0.015
California,49,741671,0.502,0.498,0.271,0.582,0.024,0.003,0.072,0.004,0.002,0.043,96591,0.824,0.176,0.552,0.425,0.127
California,50,748893,0.496,0.504,0.33,0.54,0.023,0.008,0.053,0.003,0.002,0.041,81177,0.809,0.191,0.45,0.527,-0.077
California,51,736161,0.51,0.49,0.7,0.134,0.063,0.003,0.076,0.004,0.002,0.018,52247,0.679,0.321,0.669,0.309,0.36
California,52,774895,0.507,0.493,0.151,0.561,0.029,0.002,0.203,0.004,0.003,0.047,102795,0.769,0.231,0.634,0.342,0.292
California,53,769064,0.499,0.501,0.34,0.397,0.077,0.002,0.135,0.003,0.003,0.044,81447,0.781,0.219,0.67,0.309,0.361
Colorado,1,843348,0.5,0.5,0.272,0.578,0.078,0.004,0.033,0.001,0.002,0.031,75128,0.872,0.128,0.756,0.221,0.535
Colorado,2,817394,0.506,0.494,0.108,0.817,0.009,0.004,0.032,0.001,0.002,0.027,86011,0.929,0.071,0.637,0.336,0.301
Colorado,3,752192,0.503,0.497,0.249,0.699,0.008,0.014,0.008,0.001,0.002,0.019,58209,0.942,0.058,0.461,0.516,-0.055
Colorado,4,837275,0.507,0.493,0.224,0.709,0.013,0.004,0.024,0.001,0.002,0.023,79205,0.919,0.081,0.408,0.566,-0.158
Colorado,5,811504,0.51,0.49,0.166,0.702,0.055,0.004,0.024,0.003,0.002,0.044,69691,0.936,0.064,0.418,0.547,-0.129
Colorado,6,825402,0.498,0.502,0.203,0.598,0.093,0.004,0.064,0.002,0.003,0.033,86388,0.849,0.151,0.582,0.392,0.19
Colorado,7,797811,0.501,0.499,0.296,0.625,0.016,0.004,0.032,0.001,0.001,0.024,76406,0.894,0.106,0.6,0.371,0.229
Connecticut,1,709090,0.482,0.518,0.175,0.598,0.142,0.001,0.055,0,0.004,0.026,76056,0.846,0.154,0.633,0.353,0.28
Connecticut,2,701886,0.502,0.498,0.089,0.805,0.036,0.003,0.033,0,0.003,0.031,80744,0.928,0.072,0.545,0.435,0.11
Connecticut,3,711468,0.481,0.519,0.163,0.626,0.138,0.001,0.045,0,0.003,0.024,72887,0.866,0.134,0.599,0.388,0.211
Connecticut,4,736148,0.486,0.514,0.203,0.602,0.11,0.001,0.056,0,0.004,0.024,101143,0.777,0.223,0.642,0.345,0.297
Connecticut,5,711957,0.488,0.512,0.19,0.675,0.066,0.001,0.038,0,0.005,0.025,75297,0.857,0.143,0.546,0.439,0.107
Delaware,1,967679,0.483,0.517,0.094,0.615,0.215,0.003,0.04,0,0.004,0.029,69110,0.906,0.094,0.588,0.398,0.19
District of Columbia,1,701974,0.475,0.525,0.111,0.367,0.445,0.002,0.04,0,0.005,0.029,90842,0.866,0.134,0.9215,0.054,0.8675
Florida,1,785773,0.503,0.497,0.068,0.725,0.131,0.003,0.025,0.001,0.003,0.044,60668,0.943,0.057,0.324,0.659,-0.335
Florida,2,726881,0.512,0.488,0.067,0.759,0.123,0.003,0.018,0.001,0.003,0.025,51847,0.947,0.053,0.32,0.67,-0.35
Florida,3,747806,0.494,0.506,0.105,0.666,0.159,0.002,0.034,0,0.003,0.03,52178,0.922,0.078,0.428,0.56,-0.132
Florida,4,820783,0.492,0.508,0.09,0.731,0.094,0.002,0.046,0.001,0.006,0.03,75641,0.892,0.108,0.389,0.599,-0.21
Florida,5,737321,0.485,0.515,0.087,0.386,0.467,0.002,0.025,0.001,0.003,0.03,43822,0.926,0.074,0.627,0.362,0.265
Florida,6,783276,0.484,0.516,0.132,0.723,0.103,0.003,0.017,0.001,0.003,0.02,54317,0.917,0.083,0.408,0.583,-0.175
Florida,7,775811,0.489,0.511,0.26,0.561,0.099,0.001,0.048,0,0.005,0.027,67341,0.857,0.143,0.546,0.442,0.104
Florida,8,766728,0.488,0.512,0.112,0.738,0.091,0.002,0.022,0.001,0.005,0.03,59195,0.909,0.091,0.406,0.583,-0.177
Florida,9,895237,0.49,0.51,0.42,0.403,0.118,0.002,0.029,0.001,0.005,0.021,55690,0.826,0.174,0.53,0.461,0.069
Florida,10,843134,0.486,0.514,0.295,0.347,0.267,0.001,0.053,0,0.009,0.027,58849,0.746,0.254,0.62,0.37,0.25
Florida,11,790906,0.483,0.517,0.11,0.781,0.07,0.003,0.012,0,0.004,0.019,50368,0.931,0.069,0.338,0.654,-0.316
Florida,12,788853,0.48,0.52,0.136,0.759,0.049,0.002,0.028,0.001,0.003,0.023,55860,0.89,0.11,0.41,0.579,-0.169
Florida,13,736584,0.485,0.515,0.105,0.706,0.12,0.002,0.037,0.001,0.003,0.026,55501,0.88,0.12,0.515,0.474,0.041
Florida,14,802492,0.492,0.508,0.318,0.439,0.163,0.002,0.047,0.001,0.003,0.028,57406,0.791,0.209,0.572,0.416,0.156
Florida,15,805103,0.488,0.512,0.24,0.561,0.138,0.003,0.029,0.001,0.005,0.023,57857,0.869,0.131,0.452,0.537,-0.085
Florida,16,853737,0.482,0.518,0.176,0.688,0.089,0.002,0.021,0,0.003,0.02,64274,0.867,0.133,0.455,0.536,-0.081
Florida,17,788069,0.498,0.502,0.159,0.733,0.069,0.003,0.015,0,0.003,0.018,53071,0.892,0.108,0.359,0.633,-0.274
Florida,18,781418,0.486,0.514,0.168,0.657,0.126,0.002,0.023,0,0.004,0.02,64088,0.845,0.155,0.455,0.539,-0.084
Florida,19,834988,0.486,0.514,0.205,0.684,0.074,0.001,0.018,0,0.005,0.014,62257,0.823,0.177,0.396,0.597,-0.201
Florida,20,791022,0.485,0.515,0.244,0.175,0.528,0.001,0.026,0,0.005,0.021,49946,0.656,0.344,0.773,0.221,0.552
Florida,21,782529,0.486,0.514,0.25,0.544,0.154,0.001,0.028,0,0.005,0.019,62988,0.717,0.283,0.582,0.412,0.17
Florida,22,765204,0.494,0.506,0.225,0.564,0.148,0.001,0.032,0,0.008,0.022,67714,0.722,0.278,0.571,0.423,0.148
Florida,23,768038,0.477,0.523,0.399,0.391,0.135,0.002,0.044,0.001,0.006,0.022,68473,0.627,0.373,0.583,0.412,0.171
Florida,24,749846,0.49,0.51,0.41,0.111,0.452,0.001,0.011,0,0.004,0.01,44092,0.561,0.439,0.754,0.24,0.514
Florida,25,775411,0.493,0.507,0.756,0.193,0.034,0.001,0.011,0,0.001,0.004,54023,0.434,0.566,0.382,0.612,-0.23
Florida,26,771373,0.488,0.512,0.699,0.169,0.1,0.001,0.018,0,0.005,0.009,63171,0.519,0.481,0.469,0.525,-0.056
Florida,27,748601,0.491,0.509,0.72,0.208,0.038,0.001,0.019,0,0.004,0.01,62011,0.455,0.545,0.513,0.481,0.032
Georgia,1,744521,0.492,0.508,0.07,0.583,0.293,0.003,0.018,0.001,0.003,0.029,54772,0.948,0.052,0.431,0.555,-0.124
Georgia,2,665536,0.49,0.51,0.052,0.396,0.516,0.002,0.012,0.001,0.002,0.019,40595,0.965,0.035,0.557,0.434,0.123
Georgia,3,746086,0.484,0.516,0.06,0.641,0.249,0.002,0.02,0.001,0.005,0.023,65076,0.945,0.055,0.368,0.62,-0.252
Georgia,4,756133,0.474,0.526,0.094,0.221,0.597,0.002,0.054,0.001,0.004,0.027,59808,0.834,0.166,0.788,0.202,0.586
Georgia,5,780778,0.48,0.52,0.07,0.291,0.561,0.002,0.046,0,0.005,0.025,57586,0.91,0.09,0.862,0.126,0.736
Georgia,6,759318,0.493,0.507,0.123,0.587,0.134,0.002,0.118,0,0.006,0.03,99516,0.785,0.215,0.548,0.437,0.111
Georgia,7,833680,0.486,0.514,0.196,0.418,0.205,0.001,0.148,0,0.004,0.028,80096,0.744,0.256,0.524,0.461,0.063
Georgia,8,710259,0.488,0.512,0.067,0.584,0.311,0.002,0.015,0.001,0.002,0.019,50150,0.956,0.044,0.37,0.62,-0.25
Georgia,9,762916,0.493,0.507,0.131,0.768,0.065,0.002,0.013,0,0.002,0.02,59198,0.921,0.079,0.224,0.764,-0.54
Georgia,10,756449,0.491,0.509,0.061,0.639,0.253,0.001,0.022,0.001,0.002,0.021,59490,0.942,0.058,0.392,0.596,-0.204
Georgia,11,777408,0.489,0.511,0.113,0.654,0.165,0.001,0.035,0.001,0.005,0.027,78832,0.882,0.118,0.415,0.569,-0.154
Georgia,12,729203,0.492,0.508,0.064,0.543,0.345,0.002,0.017,0.001,0.004,0.024,49091,0.956,0.044,0.43,0.558,-0.128
Georgia,13,770115,0.467,0.533,0.112,0.235,0.598,0.001,0.027,0,0.004,0.023,63305,0.891,0.109,0.756,0.234,0.522
Georgia,14,724177,0.49,0.51,0.119,0.753,0.088,0.002,0.01,0,0.002,0.026,54634,0.93,0.07,0.253,0.734,-0.481
Hawaii,1,706681,0.502,0.498,0.088,0.153,0.021,0.001,0.49,0.074,0.001,0.171,86203,0.772,0.228,0.638,0.345,0.293
Hawaii,2,713393,0.502,0.498,0.127,0.278,0.014,0.002,0.246,0.118,0.002,0.212,80253,0.861,0.139,0.636,0.34,0.296
Idaho,1,913009,0.5,0.5,0.113,0.827,0.005,0.012,0.012,0.002,0.002,0.028,60698,0.952,0.048,0.301,0.671,-0.37
Idaho,2,841358,0.503,0.497,0.143,0.799,0.007,0.01,0.016,0.001,0.002,0.023,56968,0.929,0.071,0.366,0.601,-0.235
Illinois,1,705263,0.468,0.532,0.112,0.347,0.5,0.001,0.02,0,0.003,0.018,57466,0.924,0.076,0.739,0.247,0.492
Illinois,2,692805,0.467,0.533,0.143,0.26,0.569,0.001,0.007,0,0.002,0.017,53158,0.931,0.069,0.775,0.212,0.563
Illinois,3,708422,0.502,0.498,0.333,0.56,0.047,0.001,0.045,0,0.001,0.014,73152,0.793,0.207,0.555,0.429,0.126
Illinois,4,683260,0.501,0.499,0.677,0.234,0.035,0,0.038,0,0.002,0.014,59793,0.677,0.323,0.807,0.173,0.634
Illinois,5,737812,0.495,0.505,0.198,0.669,0.028,0.001,0.074,0,0.002,0.027,90424,0.789,0.211,0.721,0.26,0.461
Illinois,6,723356,0.491,0.509,0.105,0.746,0.025,0,0.097,0,0.002,0.025,106701,0.849,0.151,0.553,0.426,0.127
Illinois,7,720942,0.48,0.52,0.166,0.291,0.438,0.001,0.079,0,0.003,0.022,64171,0.855,0.145,0.863,0.121,0.742
Illinois,8,708921,0.493,0.507,0.289,0.5,0.052,0.001,0.133,0,0.003,0.021,76550,0.712,0.288,0.592,0.39,0.202
Illinois,9,724967,0.489,0.511,0.117,0.627,0.09,0.001,0.13,0,0.003,0.031,77821,0.743,0.257,0.71,0.274,0.436
Illinois,10,705705,0.495,0.505,0.231,0.564,0.067,0.002,0.112,0,0.003,0.021,85567,0.757,0.243,0.642,0.34,0.302
Illinois,11,717503,0.493,0.507,0.279,0.502,0.108,0.001,0.081,0,0.002,0.026,80435,0.806,0.194,0.619,0.362,0.257
Illinois,12,690097,0.494,0.506,0.037,0.754,0.168,0.001,0.012,0,0.002,0.025,53061,0.975,0.025,0.419,0.561,-0.142
Illinois,13,700322,0.493,0.507,0.037,0.778,0.113,0.002,0.041,0,0.001,0.027,54091,0.946,0.054,0.47,0.505,-0.035
Illinois,14,741407,0.497,0.503,0.127,0.769,0.032,0.001,0.05,0.001,0.001,0.02,98672,0.903,0.097,0.502,0.478,0.024
Illinois,15,687456,0.5,0.5,0.028,0.904,0.042,0.001,0.006,0,0.001,0.017,55696,0.984,0.016,0.259,0.722,-0.463
Illinois,16,691553,0.499,0.501,0.104,0.819,0.038,0.001,0.015,0,0.001,0.022,63107,0.948,0.052,0.409,0.569,-0.16
Illinois,17,675779,0.494,0.506,0.092,0.749,0.117,0.002,0.013,0,0.001,0.026,50713,0.952,0.048,0.481,0.497,-0.016
Illinois,18,700594,0.49,0.51,0.03,0.88,0.039,0.001,0.028,0,0.001,0.02,67418,0.962,0.038,0.368,0.609,-0.241
Indiana,1,715976,0.491,0.509,0.161,0.619,0.182,0.002,0.013,0,0.002,0.021,60796,0.943,0.057,0.536,0.448,0.088
Indiana,2,724543,0.493,0.507,0.1,0.788,0.067,0.002,0.013,0,0.003,0.027,55566,0.944,0.056,0.389,0.593,-0.204
Indiana,3,747367,0.495,0.505,0.063,0.825,0.059,0.001,0.024,0,0.002,0.025,57731,0.953,0.047,0.34,0.639,-0.299
Indiana,4,762256,0.501,0.499,0.063,0.839,0.042,0.002,0.031,0,0.002,0.02,60919,0.941,0.059,0.34,0.638,-0.298
Indiana,5,782573,0.487,0.513,0.047,0.802,0.084,0.001,0.036,0,0.003,0.026,74413,0.939,0.061,0.479,0.501,-0.022
Indiana,6,720302,0.495,0.505,0.03,0.906,0.026,0.001,0.016,0,0.002,0.019,56952,0.973,0.027,0.291,0.688,-0.397
Indiana,7,766338,0.484,0.516,0.115,0.51,0.3,0.002,0.037,0,0.004,0.033,46963,0.897,0.103,0.629,0.353,0.276
Indiana,8,719258,0.498,0.502,0.027,0.894,0.043,0.001,0.011,0.001,0.002,0.021,54158,0.975,0.025,0.331,0.651,-0.32
Indiana,9,758280,0.493,0.507,0.035,0.883,0.029,0.002,0.026,0,0.002,0.023,60297,0.96,0.04,0.372,0.608,-0.236
Iowa,1,772873,0.495,0.505,0.043,0.872,0.039,0.003,0.017,0.002,0.001,0.023,61857,0.959,0.041,0.474,0.508,-0.034
Iowa,2,782527,0.496,0.504,0.059,0.845,0.043,0.002,0.026,0.001,0.001,0.023,58236,0.947,0.053,0.471,0.511,-0.04
Iowa,3,841226,0.494,0.506,0.071,0.823,0.044,0.002,0.035,0.001,0.001,0.024,68789,0.931,0.069,0.49,0.491,-0.001
Iowa,4,753385,0.502,0.498,0.073,0.863,0.017,0.004,0.022,0.002,0.001,0.018,58628,0.948,0.052,0.357,0.627,-0.27
Kansas,1,697312,0.508,0.492,0.163,0.761,0.029,0.004,0.016,0.001,0.001,0.025,53059,0.926,0.074,0.281,0.697,-0.416
Kansas,2,715946,0.498,0.502,0.07,0.817,0.044,0.011,0.016,0.001,0.003,0.037,56525,0.968,0.032,0.413,0.563,-0.15
Kansas,3,774850,0.492,0.508,0.123,0.712,0.08,0.002,0.05,0.001,0.003,0.029,80739,0.896,0.104,0.543,0.437,0.106
Kansas,4,724511,0.496,0.504,0.128,0.728,0.063,0.007,0.033,0,0.001,0.04,57125,0.932,0.068,0.38,0.597,-0.217
Kentucky,1,718344,0.495,0.505,0.033,0.869,0.067,0.002,0.007,0.001,0.001,0.021,45942,0.982,0.018,0.255,0.731,-0.476
Kentucky,2,764943,0.495,0.505,0.036,0.864,0.054,0.002,0.016,0.001,0.002,0.025,53980,0.965,0.035,0.306,0.676,-0.37
Kentucky,3,744444,0.483,0.517,0.058,0.66,0.221,0.001,0.029,0.001,0.004,0.026,57093,0.919,0.081,0.6,0.381,0.219
Kentucky,4,763817,0.497,0.503,0.035,0.893,0.033,0.001,0.012,0,0.002,0.023,66570,0.968,0.032,0.334,0.647,-0.313
Kentucky,5,693463,0.496,0.504,0.014,0.952,0.014,0.002,0.004,0,0.001,0.012,35825,0.99,0.01,0.186,0.801,-0.615
Kentucky,6,776941,0.488,0.512,0.049,0.814,0.085,0.001,0.021,0,0.003,0.026,55799,0.943,0.057,0.445,0.536,-0.091
Louisiana,1,802133,0.487,0.513,0.089,0.714,0.138,0.01,0.023,0,0.003,0.023,62123,0.932,0.068,0.301,0.68,-0.379
Louisiana,2,793342,0.48,0.52,0.068,0.277,0.609,0.002,0.025,0,0.004,0.016,42619,0.939,0.061,0.753,0.23,0.523
Louisiana,3,785605,0.488,0.512,0.041,0.671,0.243,0.003,0.015,0,0.002,0.024,51550,0.969,0.031,0.302,0.681,-0.379
Louisiana,4,745158,0.495,0.505,0.041,0.578,0.341,0.007,0.01,0.001,0.003,0.02,42635,0.976,0.024,0.37,0.615,-0.245
Louisiana,5,743209,0.496,0.504,0.025,0.596,0.351,0.003,0.007,0,0.002,0.016,42155,0.983,0.017,0.341,0.645,-0.304
Louisiana,6,795169,0.484,0.516,0.046,0.663,0.239,0.004,0.022,0.001,0.003,0.022,66147,0.956,0.044,0.344,0.638,-0.294
Maine,1,686598,0.487,0.513,0.019,0.918,0.018,0.003,0.016,0,0.002,0.024,68389,0.956,0.044,0.601,0.37,0.231
Maine,2,654227,0.493,0.507,0.015,0.935,0.009,0.009,0.007,0,0.002,0.024,51585,0.972,0.028,0.448,0.523,-0.075
Maryland,1,734056,0.492,0.508,0.043,0.786,0.117,0.001,0.022,0,0.002,0.028,78951,0.948,0.052,0.391,0.588,-0.197
Maryland,2,768582,0.477,0.523,0.072,0.481,0.353,0.002,0.054,0,0.004,0.034,74999,0.884,0.116,0.658,0.324,0.334
Maryland,3,756291,0.481,0.519,0.092,0.568,0.223,0.002,0.076,0,0.005,0.034,93724,0.841,0.159,0.687,0.294,0.393
Maryland,4,755373,0.483,0.517,0.173,0.25,0.512,0.001,0.032,0,0.004,0.027,87556,0.8,0.2,0.791,0.192,0.599
Maryland,5,764867,0.489,0.511,0.097,0.436,0.381,0.003,0.041,0,0.004,0.038,104284,0.879,0.121,0.686,0.297,0.389
Maryland,6,770857,0.494,0.506,0.142,0.57,0.133,0.001,0.114,0,0.004,0.035,86077,0.79,0.21,0.606,0.375,0.231
Maryland,7,717953,0.475,0.525,0.043,0.329,0.517,0.003,0.076,0,0.003,0.03,65365,0.883,0.117,0.784,0.2,0.584
Maryland,8,769645,0.486,0.514,0.154,0.59,0.125,0.001,0.089,0,0.006,0.034,110108,0.768,0.232,0.693,0.289,0.404
Massachusetts,1,727193,0.482,0.518,0.187,0.713,0.056,0.001,0.022,0,0.002,0.02,61444,0.925,0.075,0.611,0.369,0.242
Massachusetts,2,749700,0.488,0.512,0.103,0.76,0.047,0.001,0.057,0.001,0.003,0.027,74432,0.875,0.125,0.618,0.36,0.258
Massachusetts,3,768471,0.494,0.506,0.198,0.658,0.034,0.001,0.081,0,0.005,0.022,83233,0.817,0.183,0.634,0.346,0.288
Massachusetts,4,760391,0.483,0.517,0.05,0.814,0.03,0,0.067,0,0.007,0.031,104781,0.864,0.136,0.645,0.337,0.308
Massachusetts,5,771266,0.487,0.513,0.098,0.687,0.048,0.001,0.128,0,0.009,0.029,104727,0.756,0.244,0.745,0.239,0.506
Massachusetts,6,773421,0.483,0.517,0.1,0.799,0.032,0.001,0.042,0,0.003,0.022,94965,0.861,0.139,0.626,0.356,0.27
Massachusetts,7,808106,0.486,0.514,0.222,0.403,0.227,0.002,0.106,0.001,0.008,0.031,73201,0.679,0.321,0.853,0.133,0.72
Massachusetts,8,770058,0.483,0.517,0.061,0.711,0.099,0.002,0.082,0,0.017,0.029,97583,0.818,0.182,0.662,0.322,0.34
Massachusetts,9,744397,0.484,0.516,0.06,0.847,0.027,0.002,0.015,0,0.017,0.031,76031,0.904,0.096,0.579,0.403,0.176
Michigan,1,697635,0.507,0.493,0.021,0.905,0.013,0.023,0.007,0.001,0.001,0.029,52480,0.98,0.02,0.406,0.579,-0.173
Michigan,2,742674,0.494,0.506,0.097,0.783,0.062,0.004,0.022,0,0.002,0.03,60728,0.944,0.056,0.432,0.55,-0.118
Michigan,3,747357,0.5,0.5,0.079,0.782,0.078,0.002,0.021,0,0.003,0.034,64059,0.944,0.056,0.474,0.506,-0.032
Michigan,4,701523,0.5,0.5,0.034,0.907,0.018,0.006,0.01,0,0.002,0.023,53585,0.98,0.02,0.371,0.612,-0.241
Michigan,5,674536,0.485,0.515,0.052,0.733,0.169,0.003,0.009,0,0.003,0.032,47747,0.977,0.023,0.514,0.471,0.043
Michigan,6,720391,0.493,0.507,0.064,0.798,0.08,0.003,0.015,0,0.004,0.036,57413,0.954,0.046,0.468,0.513,-0.045
Michigan,7,706645,0.501,0.499,0.046,0.871,0.041,0.003,0.011,0,0.001,0.027,62612,0.971,0.029,0.414,0.569,-0.155
Michigan,8,741973,0.494,0.506,0.055,0.809,0.055,0.002,0.048,0,0.002,0.029,74904,0.919,0.081,0.488,0.496,-0.008
Michigan,9,715687,0.488,0.512,0.027,0.746,0.141,0.003,0.048,0,0.003,0.031,63023,0.886,0.114,0.559,0.427,0.132
Michigan,10,720318,0.495,0.505,0.033,0.895,0.029,0.001,0.018,0.001,0.001,0.022,67189,0.938,0.062,0.344,0.642,-0.298
Michigan,11,733525,0.493,0.507,0.035,0.778,0.048,0.002,0.106,0,0.002,0.028,88023,0.854,0.146,0.516,0.471,0.045
Michigan,12,710072,0.49,0.51,0.059,0.737,0.109,0.002,0.056,0,0.002,0.034,62489,0.877,0.123,0.642,0.344,0.298
Michigan,13,672793,0.478,0.522,0.082,0.333,0.535,0.004,0.014,0,0.005,0.027,37601,0.921,0.079,0.788,0.2,0.588
Michigan,14,688778,0.476,0.524,0.046,0.31,0.553,0.002,0.053,0,0.006,0.029,49537,0.896,0.104,0.795,0.195,0.6
Minnesota,1,677943,0.499,0.501,0.067,0.846,0.033,0.003,0.028,0,0.001,0.021,66004,0.933,0.067,0.439,0.54,-0.101
Minnesota,2,710272,0.496,0.504,0.063,0.799,0.051,0.003,0.047,0,0.003,0.035,89327,0.913,0.087,0.524,0.455,0.069
Minnesota,3,722911,0.49,0.51,0.044,0.756,0.08,0.002,0.078,0,0.006,0.034,96454,0.878,0.122,0.587,0.394,0.193
Minnesota,4,715331,0.489,0.511,0.069,0.654,0.1,0.004,0.129,0,0.003,0.04,74059,0.861,0.139,0.675,0.305,0.37
Minnesota,5,717702,0.5,0.5,0.094,0.621,0.17,0.009,0.059,0,0.005,0.042,68727,0.853,0.147,0.803,0.177,0.626
Minnesota,6,720083,0.503,0.497,0.031,0.874,0.039,0.003,0.026,0,0.002,0.025,84287,0.95,0.05,0.388,0.59,-0.202
Minnesota,7,666735,0.502,0.498,0.05,0.875,0.014,0.025,0.01,0.001,0.001,0.023,59870,0.967,0.033,0.344,0.638,-0.294
Minnesota,8,669189,0.507,0.493,0.019,0.909,0.01,0.022,0.007,0,0.003,0.029,60014,0.982,0.018,0.417,0.563,-0.146
Mississippi,1,765835,0.482,0.518,0.034,0.658,0.28,0.002,0.009,0,0.002,0.015,50629,0.975,0.025,0.338,0.648,-0.31
Mississippi,2,694447,0.482,0.518,0.022,0.302,0.659,0.003,0.005,0,0.001,0.008,37410,0.986,0.014,0.637,0.352,0.285
Mississippi,3,748342,0.482,0.518,0.026,0.587,0.356,0.01,0.011,0,0.002,0.009,48554,0.975,0.025,0.386,0.601,-0.215
Mississippi,4,773211,0.49,0.51,0.044,0.682,0.233,0.003,0.015,0,0.002,0.02,49110,0.972,0.028,0.303,0.683,-0.38
Missouri,1,725037,0.472,0.528,0.036,0.404,0.492,0.002,0.033,0,0.004,0.03,49292,0.937,0.063,0.803,0.181,0.622
Missouri,2,762478,0.485,0.515,0.029,0.852,0.039,0.001,0.046,0,0.002,0.03,86997,0.923,0.077,0.492,0.492,0
Missouri,3,796189,0.498,0.502,0.027,0.899,0.034,0.002,0.012,0,0.002,0.024,68934,0.977,0.023,0.313,0.668,-0.355
Missouri,4,771796,0.499,0.501,0.041,0.859,0.045,0.005,0.016,0.001,0.001,0.031,53534,0.967,0.033,0.319,0.66,-0.341
Missouri,5,773768,0.485,0.515,0.092,0.632,0.215,0.003,0.017,0.004,0.005,0.033,54220,0.94,0.06,0.584,0.396,0.188
Missouri,6,775367,0.495,0.505,0.043,0.869,0.041,0.003,0.015,0.002,0.001,0.027,63260,0.97,0.03,0.35,0.633,-0.283
Missouri,7,782474,0.489,0.511,0.053,0.871,0.018,0.008,0.013,0.002,0.001,0.034,49707,0.967,0.033,0.281,0.7,-0.419
Missouri,8,737051,0.499,0.501,0.022,0.897,0.044,0.004,0.008,0.001,0.001,0.023,44753,0.984,0.016,0.213,0.773,-0.56
Montana,1,1061705,0.503,0.497,0.039,0.856,0.005,0.059,0.008,0.001,0.002,0.031,56539,0.978,0.022,0.406,0.569,-0.163
Nebraska,1,649058,0.503,0.497,0.097,0.807,0.028,0.01,0.027,0.001,0.002,0.028,63429,0.927,0.073,0.413,0.563,-0.15
Nebraska,2,675243,0.494,0.506,0.116,0.718,0.094,0.003,0.037,0,0.001,0.03,70597,0.91,0.09,0.522,0.457,0.065
Nebraska,3,599525,0.5,0.5,0.123,0.831,0.013,0.008,0.008,0,0.001,0.015,55693,0.943,0.057,0.224,0.756,-0.532
Nevada,1,701019,0.507,0.493,0.463,0.291,0.115,0.005,0.084,0.007,0.004,0.031,43461,0.689,0.311,0.615,0.364,0.251
Nevada,2,725776,0.509,0.491,0.23,0.653,0.019,0.019,0.041,0.004,0.003,0.031,67282,0.876,0.124,0.436,0.536,-0.1
Nevada,3,835738,0.495,0.505,0.178,0.54,0.077,0.003,0.14,0.007,0.005,0.05,75965,0.815,0.185,0.491,0.489,0.002
Nevada,4,767748,0.497,0.503,0.307,0.431,0.147,0.008,0.054,0.007,0.003,0.043,62048,0.837,0.163,0.509,0.47,0.039
New Hampshire,1,684286,0.495,0.505,0.038,0.894,0.015,0.001,0.028,0,0.002,0.022,78400,0.94,0.06,0.522,0.462,0.06
New Hampshire,2,670958,0.496,0.504,0.04,0.898,0.012,0.002,0.026,0,0.001,0.021,77432,0.939,0.061,0.535,0.448,0.087
New Jersey,1,725464,0.483,0.517,0.142,0.615,0.162,0.001,0.052,0,0.004,0.025,73538,0.903,0.097,0.621,0.366,0.255
New Jersey,2,712096,0.491,0.509,0.167,0.648,0.118,0.003,0.037,0,0.002,0.025,68412,0.9,0.1,0.479,0.508,-0.029
New Jersey,3,740858,0.488,0.512,0.087,0.739,0.105,0,0.038,0,0.004,0.028,85077,0.911,0.089,0.492,0.494,-0.002
New Jersey,4,742779,0.486,0.514,0.11,0.774,0.06,0,0.041,0,0.001,0.014,90852,0.881,0.119,0.441,0.546,-0.105
New Jersey,5,735376,0.488,0.512,0.145,0.678,0.047,0.001,0.106,0,0.002,0.02,109901,0.799,0.201,0.519,0.467,0.052
New Jersey,6,733029,0.494,0.506,0.219,0.465,0.097,0.001,0.19,0,0.005,0.022,89001,0.711,0.289,0.572,0.415,0.157
New Jersey,7,738017,0.489,0.511,0.131,0.69,0.047,0.001,0.106,0,0.005,0.02,118554,0.808,0.192,0.542,0.443,0.099
New Jersey,8,762224,0.5,0.5,0.539,0.254,0.086,0.001,0.093,0.001,0.009,0.017,65559,0.55,0.45,0.718,0.272,0.446
New Jersey,9,753721,0.486,0.514,0.387,0.369,0.09,0.001,0.134,0,0.004,0.015,75395,0.61,0.39,0.622,0.368,0.254
New Jersey,10,758408,0.479,0.521,0.208,0.188,0.495,0.002,0.071,0,0.012,0.022,58807,0.7,0.3,0.842,0.15,0.692
New Jersey,11,735124,0.489,0.511,0.116,0.719,0.035,0.001,0.105,0,0.003,0.022,119624,0.81,0.19,0.527,0.46,0.067
New Jersey,12,748322,0.489,0.511,0.184,0.452,0.164,0.002,0.175,0,0.004,0.02,91433,0.72,0.28,0.673,0.314,0.359
New Mexico,1,699637,0.489,0.511,0.504,0.384,0.023,0.036,0.024,0,0.004,0.024,53599,0.899,0.101,0.602,0.374,0.228
New Mexico,2,700971,0.503,0.497,0.558,0.355,0.017,0.046,0.008,0,0.002,0.013,46729,0.887,0.113,0.431,0.549,-0.118
New Mexico,3,696413,0.492,0.508,0.414,0.362,0.014,0.175,0.012,0.001,0.002,0.02,52660,0.938,0.062,0.577,0.401,0.176
New York,1,715479,0.492,0.508,0.151,0.737,0.05,0.001,0.042,0,0.003,0.016,101166,0.875,0.125,0.473,0.515,-0.042
New York,2,710764,0.492,0.508,0.248,0.598,0.093,0.002,0.037,0,0.005,0.017,108089,0.824,0.176,0.474,0.514,-0.04
New York,3,727386,0.486,0.514,0.113,0.662,0.028,0.002,0.172,0,0.006,0.017,123412,0.774,0.226,0.547,0.443,0.104
New York,4,722351,0.486,0.514,0.212,0.548,0.142,0.001,0.072,0,0.005,0.019,113902,0.771,0.229,0.556,0.434,0.122
New York,5,768316,0.477,0.523,0.19,0.11,0.464,0.004,0.15,0.001,0.045,0.037,76306,0.572,0.428,0.833,0.162,0.671
New York,6,729584,0.482,0.518,0.205,0.329,0.037,0.003,0.399,0,0.006,0.022,70694,0.493,0.507,0.618,0.374,0.244
New York,7,721505,0.492,0.508,0.394,0.319,0.08,0.001,0.176,0.001,0.005,0.025,63974,0.658,0.342,0.818,0.173,0.645
New York,8,773165,0.455,0.545,0.177,0.245,0.482,0.001,0.058,0,0.007,0.03,58878,0.675,0.325,0.829,0.165,0.664
New York,9,720840,0.465,0.535,0.114,0.328,0.446,0.001,0.072,0,0.005,0.033,64635,0.615,0.385,0.814,0.178,0.636
New York,10,732646,0.484,0.516,0.126,0.62,0.032,0.001,0.189,0,0.005,0.027,100737,0.693,0.307,0.761,0.229,0.532
New York,11,729841,0.485,0.515,0.174,0.582,0.072,0.001,0.146,0,0.003,0.021,78735,0.692,0.308,0.443,0.548,-0.105
New York,12,721308,0.475,0.525,0.141,0.634,0.048,0.002,0.143,0,0.004,0.029,114058,0.735,0.265,0.841,0.148,0.693
New York,13,759560,0.474,0.526,0.544,0.144,0.239,0.001,0.045,0,0.007,0.02,46570,0.648,0.352,0.881,0.111,0.77
New York,14,686868,0.502,0.498,0.493,0.223,0.088,0.001,0.171,0,0.006,0.018,62988,0.549,0.451,0.733,0.259,0.474
New York,15,735959,0.471,0.529,0.657,0.027,0.278,0.002,0.019,0,0.007,0.01,32582,0.65,0.35,0.864,0.13,0.734
New York,16,745591,0.469,0.531,0.267,0.344,0.303,0.002,0.054,0,0.01,0.021,75001,0.702,0.298,0.753,0.238,0.515
New York,17,740776,0.491,0.509,0.22,0.598,0.099,0.001,0.059,0,0.005,0.018,103638,0.768,0.232,0.596,0.394,0.202
New York,18,724007,0.497,0.503,0.178,0.67,0.09,0.002,0.031,0,0.005,0.024,89324,0.874,0.126,0.518,0.468,0.05
New York,19,697087,0.501,0.499,0.08,0.829,0.043,0.001,0.016,0,0.004,0.028,65877,0.935,0.065,0.498,0.483,0.015
New York,20,726000,0.486,0.514,0.068,0.75,0.087,0.001,0.051,0,0.005,0.038,70506,0.905,0.095,0.593,0.387,0.206
New York,21,700529,0.512,0.488,0.035,0.897,0.028,0.007,0.01,0.001,0.002,0.02,59058,0.966,0.034,0.438,0.542,-0.104
New York,22,692234,0.497,0.503,0.041,0.866,0.037,0.002,0.028,0,0.001,0.024,57414,0.945,0.055,0.432,0.547,-0.115
New York,23,691390,0.497,0.503,0.041,0.879,0.027,0.005,0.023,0,0.001,0.024,54138,0.959,0.041,0.433,0.545,-0.112
New York,24,702143,0.488,0.512,0.047,0.811,0.078,0.003,0.027,0,0.002,0.032,61396,0.941,0.059,0.534,0.444,0.09
New York,25,716440,0.481,0.519,0.094,0.691,0.146,0.001,0.037,0,0.002,0.028,61516,0.913,0.087,0.601,0.378,0.223
New York,26,707963,0.477,0.523,0.069,0.679,0.171,0.003,0.045,0,0.002,0.03,52796,0.915,0.085,0.626,0.356,0.27
New York,27,715117,0.5,0.5,0.028,0.91,0.026,0.006,0.009,0,0.002,0.018,67705,0.967,0.033,0.411,0.568,-0.157
North Carolina,1,760016,0.476,0.524,0.092,0.421,0.432,0.006,0.02,0.001,0.002,0.027,47009,0.926,0.074,0.539,0.453,0.086
North Carolina,2,865706,0.489,0.511,0.101,0.653,0.189,0.003,0.021,0,0.005,0.027,73565,0.927,0.073,0.643,0.34,0.303
North Carolina,3,760373,0.511,0.489,0.082,0.67,0.196,0.003,0.015,0.001,0.002,0.032,53153,0.96,0.04,0.377,0.609,-0.232
North Carolina,4,866455,0.485,0.515,0.103,0.553,0.217,0.003,0.093,0,0.004,0.028,76451,0.846,0.154,0.666,0.322,0.344
North Carolina,5,761079,0.485,0.515,0.099,0.719,0.142,0.003,0.016,0.001,0.003,0.018,50083,0.937,0.063,0.316,0.674,-0.358
North Carolina,6,777809,0.482,0.518,0.103,0.648,0.201,0.003,0.019,0,0.003,0.023,53515,0.929,0.071,0.616,0.372,0.244
North Carolina,7,807268,0.485,0.515,0.097,0.679,0.182,0.007,0.009,0,0.002,0.024,52578,0.942,0.058,0.407,0.581,-0.174
North Carolina,8,798557,0.494,0.506,0.107,0.59,0.228,0.01,0.026,0.002,0.004,0.033,55544,0.932,0.068,0.461,0.525,-0.064
North Carolina,9,788078,0.486,0.514,0.079,0.599,0.187,0.077,0.032,0,0.002,0.023,64457,0.924,0.076,0.455,0.534,-0.079
North Carolina,10,765741,0.482,0.518,0.068,0.767,0.119,0.002,0.018,0,0.002,0.023,51889,0.951,0.049,0.312,0.677,-0.365
North Carolina,11,765533,0.489,0.511,0.064,0.858,0.032,0.014,0.012,0.001,0.002,0.017,49951,0.955,0.045,0.433,0.554,-0.121
North Carolina,12,885774,0.481,0.519,0.153,0.389,0.367,0.002,0.058,0,0.004,0.026,63457,0.834,0.166,0.701,0.285,0.416
North Carolina,13,783838,0.481,0.519,0.082,0.636,0.219,0.003,0.035,0,0.002,0.022,54171,0.917,0.083,0.318,0.671,-0.353
North Dakota,1,760394,0.512,0.488,0.04,0.837,0.031,0.049,0.016,0.001,0.002,0.025,65315,0.957,0.043,0.319,0.655,-0.336
Ohio,1,747788,0.489,0.511,0.034,0.679,0.216,0,0.038,0,0.004,0.029,62488,0.936,0.064,0.477,0.509,-0.032
Ohio,2,729324,0.487,0.513,0.022,0.848,0.083,0.001,0.016,0.001,0.003,0.026,61573,0.969,0.031,0.429,0.556,-0.127
Ohio,3,797029,0.484,0.516,0.07,0.495,0.341,0.001,0.045,0,0.004,0.043,50777,0.877,0.123,0.7,0.284,0.416
Ohio,4,710636,0.5,0.5,0.041,0.868,0.049,0.002,0.01,0,0.002,0.029,57000,0.981,0.019,0.312,0.671,-0.359
Ohio,5,722437,0.491,0.509,0.056,0.878,0.027,0.001,0.013,0.001,0.002,0.022,62037,0.972,0.028,0.367,0.616,-0.249
Ohio,6,692579,0.5,0.5,0.012,0.939,0.022,0.001,0.005,0,0.001,0.02,50613,0.989,0.011,0.265,0.722,-0.457
Ohio,7,731042,0.491,0.509,0.025,0.901,0.039,0.001,0.006,0,0.002,0.024,58946,0.981,0.019,0.332,0.653,-0.321
Ohio,8,732249,0.491,0.509,0.036,0.848,0.059,0.001,0.021,0,0.002,0.033,62662,0.958,0.042,0.325,0.66,-0.335
Ohio,9,704685,0.487,0.513,0.113,0.672,0.157,0.002,0.017,0,0.005,0.034,46338,0.951,0.049,0.588,0.397,0.191
Ohio,10,723673,0.484,0.516,0.031,0.738,0.166,0.001,0.024,0,0.003,0.036,56257,0.952,0.048,0.47,0.514,-0.044
Ohio,11,686269,0.467,0.533,0.045,0.371,0.519,0.001,0.025,0,0.006,0.032,40179,0.945,0.055,0.798,0.192,0.606
Ohio,12,789894,0.495,0.505,0.027,0.843,0.048,0.001,0.049,0,0.002,0.03,77048,0.938,0.062,0.463,0.522,-0.059
Ohio,13,705582,0.485,0.515,0.034,0.796,0.115,0.001,0.02,0,0.001,0.031,47550,0.964,0.036,0.51,0.476,0.034
Ohio,14,715868,0.491,0.509,0.031,0.875,0.046,0.001,0.023,0,0.002,0.023,70585,0.949,0.051,0.449,0.539,-0.09
Ohio,15,768439,0.506,0.494,0.024,0.879,0.042,0.001,0.025,0,0.001,0.027,67364,0.959,0.041,0.422,0.563,-0.141
Ohio,16,717781,0.491,0.509,0.028,0.903,0.023,0.001,0.023,0,0.002,0.02,70976,0.945,0.055,0.422,0.565,-0.143
Oklahoma,1,806758,0.489,0.511,0.118,0.631,0.085,0.057,0.032,0.001,0.002,0.073,58084,0.92,0.08,0.373,0.601,-0.228
Oklahoma,2,749583,0.497,0.503,0.056,0.629,0.032,0.171,0.007,0.002,0.001,0.103,45165,0.977,0.023,0.221,0.761,-0.54
Oklahoma,3,778830,0.506,0.494,0.104,0.729,0.036,0.054,0.015,0.003,0.002,0.056,53724,0.949,0.051,0.231,0.746,-0.515
Oklahoma,4,792809,0.498,0.502,0.091,0.695,0.066,0.051,0.023,0.001,0.002,0.072,59180,0.954,0.046,0.32,0.656,-0.336
Oklahoma,5,821362,0.489,0.511,0.172,0.563,0.133,0.039,0.031,0.001,0.002,0.059,54297,0.902,0.098,0.46,0.513,-0.053
Oregon,1,851961,0.496,0.504,0.149,0.694,0.018,0.004,0.084,0.003,0.002,0.046,81705,0.852,0.148,0.633,0.34,0.293
Oregon,2,828446,0.499,0.501,0.142,0.79,0.007,0.016,0.01,0.002,0.002,0.031,57156,0.941,0.059,0.421,0.556,-0.135
Oregon,3,843221,0.496,0.504,0.116,0.699,0.049,0.007,0.074,0.006,0.004,0.046,71652,0.869,0.131,0.743,0.235,0.508
Oregon,4,813504,0.494,0.506,0.082,0.83,0.008,0.009,0.025,0.002,0.002,0.043,54164,0.948,0.052,0.507,0.467,0.04
Oregon,5,839214,0.493,0.507,0.171,0.737,0.009,0.007,0.027,0.005,0.003,0.04,67908,0.903,0.097,0.536,0.439,0.097
Pennsylvania,1,709715,0.491,0.509,0.055,0.814,0.039,0.001,0.061,0,0.009,0.023,92187,0.895,0.105,0.524,0.466,0.058
Pennsylvania,2,741380,0.481,0.519,0.262,0.375,0.248,0.002,0.083,0,0.005,0.025,47410,0.82,0.18,0.701,0.291,0.41
Pennsylvania,3,721131,0.466,0.534,0.047,0.305,0.555,0.002,0.057,0,0.003,0.03,50541,0.907,0.093,0.913,0.081,0.832
Pennsylvania,4,730845,0.488,0.512,0.053,0.757,0.094,0,0.065,0,0.004,0.026,92122,0.899,0.101,0.615,0.374,0.241
Pennsylvania,5,717928,0.478,0.522,0.047,0.612,0.241,0.002,0.07,0,0.003,0.025,72031,0.876,0.124,0.651,0.34,0.311
Pennsylvania,6,731115,0.49,0.51,0.155,0.718,0.055,0.001,0.045,0,0.002,0.024,87682,0.899,0.101,0.569,0.419,0.15
Pennsylvania,7,730122,0.491,0.509,0.195,0.687,0.061,0.001,0.031,0,0.002,0.022,68784,0.9,0.1,0.518,0.47,0.048
Pennsylvania,8,694063,0.495,0.505,0.123,0.785,0.05,0.001,0.019,0,0.003,0.019,56379,0.928,0.072,0.473,0.517,-0.044
Pennsylvania,9,705602,0.5,0.5,0.072,0.878,0.023,0.001,0.011,0,0.002,0.013,61156,0.969,0.031,0.341,0.645,-0.304
Pennsylvania,10,736031,0.49,0.51,0.087,0.739,0.104,0.001,0.039,0,0.003,0.028,66783,0.931,0.069,0.478,0.507,-0.029
Pennsylvania,11,735086,0.491,0.509,0.09,0.837,0.031,0.001,0.019,0,0.002,0.019,70750,0.955,0.045,0.383,0.602,-0.219
Pennsylvania,12,696809,0.501,0.499,0.025,0.917,0.021,0.001,0.017,0,0.001,0.017,55878,0.971,0.029,0.312,0.673,-0.361
Pennsylvania,13,695441,0.499,0.501,0.034,0.912,0.027,0.001,0.006,0,0.001,0.018,56691,0.977,0.023,0.272,0.716,-0.444
Pennsylvania,14,685084,0.492,0.508,0.014,0.924,0.03,0,0.009,0,0.001,0.021,60285,0.983,0.017,0.357,0.632,-0.275
Pennsylvania,15,677288,0.51,0.49,0.015,0.943,0.019,0.001,0.007,0,0.001,0.014,52492,0.985,0.015,0.275,0.712,-0.437
Pennsylvania,16,684242,0.492,0.508,0.027,0.89,0.045,0.001,0.012,0,0.002,0.023,55022,0.973,0.027,0.4,0.587,-0.187
Pennsylvania,17,709873,0.487,0.513,0.017,0.866,0.059,0.001,0.029,0,0.005,0.024,70243,0.952,0.048,0.507,0.48,0.027
Pennsylvania,18,693130,0.48,0.52,0.026,0.719,0.18,0.001,0.041,0,0.003,0.029,54803,0.936,0.064,0.645,0.344,0.301
Rhode Island,1,532603,0.484,0.516,0.186,0.66,0.073,0.003,0.035,0.001,0.01,0.032,64903,0.827,0.173,0.639,0.346,0.293
Rhode Island,2,525195,0.489,0.511,0.131,0.769,0.037,0.003,0.033,0,0.003,0.023,75462,0.893,0.107,0.56,0.425,0.135
South Carolina,1,804679,0.485,0.515,0.066,0.699,0.182,0.002,0.02,0.001,0.004,0.027,73078,0.938,0.062,0.461,0.521,-0.06
South Carolina,2,724704,0.484,0.516,0.059,0.65,0.24,0.003,0.02,0.001,0.003,0.024,61096,0.949,0.051,0.436,0.549,-0.113
South Carolina,3,698745,0.49,0.51,0.054,0.732,0.181,0.002,0.01,0,0.001,0.02,50123,0.962,0.038,0.305,0.681,-0.376
South Carolina,4,739881,0.485,0.515,0.085,0.678,0.181,0.002,0.026,0.002,0.004,0.024,59065,0.922,0.078,0.389,0.593,-0.204
South Carolina,5,729840,0.484,0.516,0.047,0.651,0.258,0.004,0.016,0,0.002,0.022,55760,0.958,0.042,0.41,0.576,-0.166
South Carolina,6,662925,0.489,0.511,0.052,0.356,0.555,0.002,0.011,0.001,0.002,0.02,40022,0.957,0.043,0.67,0.318,0.352
South Carolina,7,730743,0.479,0.521,0.044,0.646,0.275,0.005,0.011,0,0.002,0.018,47325,0.956,0.044,0.402,0.588,-0.186
South Dakota,1,879336,0.504,0.496,0.041,0.813,0.021,0.082,0.014,0.001,0.001,0.027,59896,0.96,0.04,0.356,0.618,-0.262
Tennessee,1,720629,0.49,0.51,0.039,0.909,0.022,0.002,0.008,0.001,0,0.018,45929,0.971,0.029,0.221,0.762,-0.541
Tennessee,2,754370,0.487,0.513,0.044,0.854,0.06,0.002,0.017,0,0.002,0.022,57100,0.954,0.046,0.345,0.636,-0.291
Tennessee,3,736098,0.489,0.511,0.042,0.814,0.103,0.003,0.014,0,0.002,0.022,52322,0.963,0.037,0.329,0.653,-0.324
Tennessee,4,800304,0.493,0.507,0.069,0.786,0.092,0.002,0.018,0,0.003,0.029,57223,0.947,0.053,0.307,0.675,-0.368
Tennessee,5,773359,0.483,0.517,0.096,0.597,0.242,0.002,0.033,0.001,0.003,0.028,62029,0.883,0.117,0.603,0.367,0.236
Tennessee,6,786772,0.493,0.507,0.046,0.87,0.047,0.002,0.01,0,0.002,0.021,58066,0.965,0.035,0.256,0.727,-0.471
Tennessee,7,789106,0.496,0.504,0.054,0.795,0.097,0.002,0.022,0.001,0.003,0.026,61545,0.958,0.042,0.313,0.669,-0.356
Tennessee,8,708450,0.487,0.513,0.035,0.722,0.197,0.002,0.021,0,0.002,0.021,60828,0.961,0.039,0.332,0.654,-0.322
Tennessee,9,703180,0.47,0.53,0.074,0.223,0.665,0.001,0.018,0,0.003,0.015,42420,0.939,0.061,0.785,0.198,0.587
Texas,1,722673,0.488,0.512,0.178,0.615,0.171,0.002,0.011,0.001,0.002,0.02,52977,0.924,0.076,0.272,0.716,-0.444
Texas,2,809751,0.496,0.504,0.331,0.439,0.124,0.002,0.079,0.001,0.003,0.022,80433,0.795,0.205,0.486,0.499,-0.013
Texas,3,896996,0.492,0.508,0.15,0.547,0.097,0.003,0.168,0.001,0.003,0.031,100748,0.778,0.222,0.487,0.498,-0.011
Texas,4,765400,0.494,0.506,0.146,0.705,0.102,0.006,0.013,0,0.002,0.026,60232,0.934,0.066,0.244,0.744,-0.5
Texas,5,758131,0.504,0.496,0.296,0.508,0.151,0.003,0.02,0,0.001,0.02,56161,0.858,0.142,0.379,0.609,-0.23
Texas,6,802430,0.485,0.515,0.236,0.469,0.212,0.002,0.048,0.003,0.002,0.028,73376,0.863,0.137,0.478,0.508,-0.03
Texas,7,793324,0.488,0.512,0.307,0.4,0.147,0.003,0.11,0,0.005,0.028,75013,0.702,0.298,0.536,0.451,0.085
Texas,8,879149,0.507,0.493,0.236,0.626,0.084,0.002,0.029,0,0.002,0.021,75741,0.876,0.124,0.281,0.706,-0.425
Texas,9,773209,0.486,0.514,0.391,0.104,0.368,0.001,0.117,0,0.003,0.017,50632,0.654,0.346,0.757,0.233,0.524
Texas,10,904588,0.498,0.502,0.289,0.511,0.111,0.001,0.06,0,0.002,0.025,81492,0.832,0.168,0.484,0.5,-0.016
Texas,11,778607,0.504,0.496,0.393,0.539,0.037,0.003,0.011,0,0.001,0.015,61817,0.907,0.093,0.197,0.791,-0.594
Texas,12,824946,0.488,0.512,0.24,0.609,0.084,0.003,0.035,0.001,0.002,0.026,73095,0.896,0.104,0.379,0.605,-0.226
Texas,13,712033,0.51,0.49,0.277,0.623,0.052,0.005,0.019,0.001,0.001,0.021,54433,0.906,0.094,0.194,0.792,-0.598
Texas,14,757773,0.505,0.495,0.258,0.5,0.19,0.002,0.031,0,0.001,0.017,65011,0.896,0.104,0.396,0.59,-0.194
Texas,15,794094,0.495,0.505,0.819,0.144,0.017,0.001,0.011,0.001,0.002,0.005,48029,0.781,0.219,0.504,0.485,0.019
Texas,16,740915,0.495,0.505,0.809,0.13,0.032,0.003,0.012,0.002,0.001,0.012,50016,0.775,0.225,0.664,0.32,0.344
Texas,17,790135,0.496,0.504,0.266,0.532,0.126,0.002,0.049,0,0.002,0.023,56681,0.882,0.118,0.436,0.546,-0.11
Texas,18,789793,0.501,0.499,0.434,0.164,0.341,0.001,0.041,0.001,0.002,0.016,49250,0.774,0.226,0.757,0.23,0.527
Texas,19,731230,0.506,0.494,0.375,0.529,0.058,0.003,0.015,0,0.002,0.018,52838,0.918,0.082,0.263,0.722,-0.459
Texas,20,823263,0.495,0.505,0.694,0.204,0.047,0.002,0.033,0.001,0.001,0.017,54147,0.854,0.146,0.637,0.347,0.29
Texas,21,826791,0.491,0.509,0.303,0.598,0.034,0.001,0.034,0,0.003,0.026,74619,0.903,0.097,0.479,0.506,-0.027
Texas,22,941210,0.496,0.504,0.261,0.38,0.14,0.002,0.191,0,0.002,0.025,99747,0.747,0.253,0.489,0.498,-0.009
Texas,23,767109,0.507,0.493,0.693,0.24,0.033,0.003,0.016,0.001,0.002,0.012,57748,0.831,0.169,0.485,0.503,-0.018
Texas,24,813614,0.492,0.508,0.246,0.445,0.124,0.003,0.149,0.002,0.003,0.028,78388,0.749,0.251,0.519,0.465,0.054
Texas,25,804296,0.501,0.499,0.198,0.666,0.069,0.002,0.031,0.003,0.001,0.03,76155,0.923,0.077,0.444,0.54,-0.096
Texas,26,901361,0.493,0.507,0.188,0.617,0.084,0.003,0.075,0.001,0.002,0.031,96247,0.866,0.134,0.421,0.563,-0.142
Texas,27,740663,0.495,0.505,0.537,0.384,0.048,0.002,0.016,0.001,0.001,0.012,56877,0.913,0.087,0.375,0.612,-0.237
Texas,28,759810,0.489,0.511,0.779,0.157,0.042,0.001,0.01,0,0.001,0.01,51818,0.797,0.203,0.516,0.472,0.044
Texas,29,739994,0.508,0.492,0.789,0.084,0.101,0.001,0.018,0,0.001,0.006,47194,0.671,0.329,0.659,0.329,0.33
Texas,30,788685,0.487,0.513,0.394,0.152,0.414,0.001,0.02,0,0.002,0.016,51980,0.829,0.171,0.798,0.189,0.609
Texas,31,884928,0.495,0.505,0.25,0.544,0.108,0.002,0.055,0.002,0.002,0.037,75585,0.887,0.113,0.476,0.504,-0.028
Texas,32,780503,0.491,0.509,0.262,0.478,0.14,0.002,0.088,0,0.003,0.027,77710,0.777,0.223,0.544,0.44,0.104
Texas,33,738970,0.503,0.497,0.668,0.137,0.157,0.002,0.024,0,0.001,0.011,45539,0.686,0.314,0.73,0.256,0.474
Texas,34,719488,0.498,0.502,0.847,0.131,0.011,0.001,0.006,0,0,0.004,42014,0.816,0.184,0.515,0.475,0.04
Texas,35,830798,0.503,0.497,0.609,0.262,0.087,0.002,0.018,0,0.003,0.018,53755,0.847,0.153,0.677,0.305,0.372
Texas,36,748782,0.501,0.499,0.273,0.595,0.088,0.003,0.019,0,0.001,0.02,62581,0.895,0.105,0.269,0.719,-0.45
Utah,1,773796,0.506,0.494,0.129,0.809,0.009,0.008,0.014,0.004,0.001,0.025,74194,0.944,0.056,0.316,0.642,-0.326
Utah,2,781231,0.504,0.496,0.159,0.759,0.012,0.009,0.024,0.012,0.003,0.023,67049,0.906,0.094,0.402,0.561,-0.159
Utah,3,770532,0.502,0.498,0.108,0.818,0.007,0.013,0.019,0.007,0.002,0.027,77315,0.925,0.075,0.352,0.603,-0.251
Utah,4,825680,0.502,0.498,0.168,0.734,0.016,0.005,0.034,0.013,0.003,0.026,78557,0.89,0.11,0.433,0.524,-0.091
Vermont,1,624340,0.494,0.506,0.02,0.924,0.012,0.002,0.016,0,0.002,0.024,63477,0.954,0.046,0.664,0.308,0.356
Virginia,1,800745,0.498,0.502,0.105,0.659,0.158,0.002,0.034,0,0.003,0.038,91248,0.903,0.097,0.47,0.514,-0.044
Virginia,2,739205,0.501,0.499,0.084,0.618,0.191,0.002,0.058,0.001,0.003,0.044,73446,0.911,0.089,0.514,0.467,0.047
Virginia,3,740270,0.483,0.517,0.068,0.406,0.453,0.002,0.026,0.001,0.003,0.04,57954,0.941,0.059,0.672,0.312,0.36
Virginia,4,775135,0.486,0.514,0.061,0.481,0.402,0.002,0.019,0,0.003,0.032,62263,0.947,0.053,0.618,0.368,0.25
Virginia,5,739280,0.487,0.513,0.04,0.721,0.191,0.002,0.019,0,0.002,0.025,58557,0.955,0.045,0.451,0.536,-0.085
Virginia,6,756347,0.486,0.514,0.057,0.787,0.108,0.002,0.019,0.001,0.002,0.024,57285,0.946,0.054,0.386,0.598,-0.212
Virginia,7,798194,0.486,0.514,0.075,0.656,0.176,0.002,0.054,0,0.003,0.034,82539,0.901,0.099,0.498,0.487,0.011
Virginia,8,800273,0.495,0.505,0.187,0.51,0.143,0.001,0.117,0.001,0.005,0.036,111224,0.719,0.281,0.776,0.211,0.565
Virginia,9,705034,0.498,0.502,0.024,0.891,0.052,0.002,0.015,0.001,0.002,0.015,46258,0.973,0.027,0.284,0.704,-0.42
Virginia,10,853906,0.501,0.499,0.139,0.591,0.069,0.002,0.157,0,0.005,0.037,132276,0.774,0.226,0.589,0.396,0.193
Virginia,11,800969,0.49,0.51,0.186,0.448,0.128,0.002,0.189,0.001,0.004,0.042,117382,0.687,0.313,0.703,0.283,0.42
Washington,1,768331,0.503,0.497,0.091,0.712,0.013,0.01,0.123,0.002,0.004,0.046,103010,0.822,0.178,0.591,0.382,0.209
Washington,2,753529,0.497,0.503,0.116,0.694,0.033,0.01,0.091,0.005,0.003,0.05,74591,0.848,0.152,0.621,0.351,0.27
Washington,3,743780,0.495,0.505,0.099,0.793,0.014,0.007,0.034,0.005,0.002,0.045,69543,0.913,0.087,0.469,0.506,-0.037
Washington,4,732957,0.504,0.496,0.397,0.528,0.012,0.019,0.015,0.002,0.002,0.025,60819,0.838,0.162,0.396,0.578,-0.182
Washington,5,724483,0.498,0.502,0.069,0.829,0.015,0.013,0.024,0.005,0.002,0.043,58180,0.943,0.057,0.44,0.53,-0.09
Washington,6,719626,0.504,0.496,0.079,0.759,0.033,0.017,0.039,0.006,0.003,0.064,68891,0.934,0.066,0.574,0.396,0.178
Washington,7,798799,0.501,0.499,0.081,0.67,0.045,0.004,0.135,0.003,0.003,0.058,97596,0.819,0.181,0.857,0.123,0.734
Washington,8,758134,0.498,0.502,0.117,0.685,0.03,0.008,0.096,0.009,0.003,0.052,92544,0.853,0.147,0.52,0.455,0.065
Washington,9,750506,0.506,0.494,0.128,0.437,0.114,0.005,0.239,0.012,0.006,0.061,86397,0.695,0.305,0.733,0.246,0.487
Washington,10,762320,0.497,0.503,0.123,0.646,0.063,0.009,0.068,0.017,0.003,0.072,72416,0.895,0.105,0.562,0.407,0.155
West Virginia,1,608716,0.498,0.502,0.014,0.928,0.025,0.002,0.009,0,0.003,0.02,50195,0.982,0.018,0.303,0.68,-0.377
West Virginia,2,621458,0.493,0.507,0.022,0.893,0.045,0.002,0.009,0,0.003,0.026,53227,0.979,0.021,0.328,0.654,-0.326
West Virginia,3,577252,0.492,0.508,0.011,0.926,0.035,0.001,0.005,0,0.002,0.019,40913,0.991,0.009,0.255,0.731,-0.476
Wisconsin,1,719909,0.496,0.504,0.103,0.796,0.054,0.003,0.018,0,0.004,0.022,69400,0.943,0.057,0.447,0.539,-0.092
Wisconsin,2,768381,0.498,0.502,0.067,0.81,0.042,0.003,0.044,0,0.003,0.031,71155,0.929,0.071,0.694,0.292,0.402
Wisconsin,3,723425,0.504,0.496,0.029,0.912,0.012,0.005,0.022,0.001,0.001,0.018,59034,0.973,0.027,0.468,0.515,-0.047
Wisconsin,4,708155,0.483,0.517,0.176,0.408,0.333,0.004,0.044,0,0.004,0.031,47062,0.901,0.099,0.762,0.226,0.536
Wisconsin,5,727631,0.491,0.509,0.061,0.859,0.023,0.002,0.031,0,0.003,0.021,75266,0.951,0.049,0.417,0.568,-0.151
Wisconsin,6,714867,0.505,0.495,0.048,0.884,0.018,0.004,0.025,0,0.001,0.019,63036,0.962,0.038,0.416,0.568,-0.152
Wisconsin,7,711161,0.504,0.496,0.025,0.91,0.007,0.018,0.016,0,0.003,0.021,59113,0.978,0.022,0.393,0.592,-0.199
Wisconsin,8,733446,0.5,0.5,0.055,0.862,0.015,0.021,0.023,0,0.001,0.022,64822,0.962,0.038,0.413,0.572,-0.159
Wyoming,1,581348,0.51,0.49,0.101,0.836,0.008,0.02,0.008,0.001,0.001,0.025,65304,0.967,0.033,0.267,0.704,-0.437
